"SUBRULE_ID";"";"BLOC";"AC_GLOB";"FIELD_NAME";"OP_SYMBOL";"OPERANDE";"LAST_UPDATE";"ACT_ELEM";"CD_REGROUP";"OPE_PRINC";"CD_CON_PAS";"CAT_RF_INT";"RF_INT";"CAT_DAT1";"DATE1";"CAT_DAT2";"DATE2";"CAT_DAT3";"DATE3";"TOP_MARCHE";"DEB VALIDITE";"FIN VALIDITE";"Code Pilote";"SUBJECT";"TYPE_OPERATION"
"1";"NOVA_OPEPRINC_50_0023";"50";"279";"PL_DIST";"=";"3";"2022-10-18";"6094";"6003";"0349";"1";"1";"$FPM(N_CTR_SR1)";"4";"$FPM(D_SURVENAN)";"27";"$FPM(D_VALEUR)";"0";"19010101";"1";"2015-07-01";"2999-12-31";"ORCOMPTA-2316";"0";"CRE"
"2";"NOVA_OPEPRINC_50_0023";"50";"279";"ACTE_GES";"=";"ANNUL-RP";"2022-10-18";"6094";"6003";"0349";"1";"1";"$FPM(N_CTR_SR1)";"4";"$FPM(D_SURVENAN)";"27";"$FPM(D_VALEUR)";"0";"19010101";"1";"2015-07-01";"2999-12-31";"ORCOMPTA-2316";"0";"CRE"
"1";"NOVA_OPEPRINC_50_0164";"50";"279";"PL_DIST";"=";"1";"2022-10-18";"6094";"6003";"0349";"1";"1";"$FPM(N_CTR_SR1)";"4";"$FPM(D_SURVENAN)";"27";"$FPM(D_VALEUR)";"0";"19010101";"1";"2015-07-01";"2999-12-31";"ORCOMPTA-2316";"0";"CRE"
"2";"NOVA_OPEPRINC_50_0164";"50";"279";"ACTE_GES";"=";"ANNUL-RP";"2022-10-18";"6094";"6003";"0349";"1";"1";"$FPM(N_CTR_SR1)";"4";"$FPM(D_SURVENAN)";"27";"$FPM(D_VALEUR)";"0";"19010101";"1";"2015-07-01";"2999-12-31";"ORCOMPTA-2316";"0";"CRE"
"1";"NOVA_OPEPRINC_50_0085";"50";"275";"CD_PDT";"!IN";"90174,93984,94264";"2022-01-18";"6138";"6007";"0339";"0";"1";"$FPM(N_CTR_SR1)";"4";"$FPM(D_SURVENAN)";"27";"$FPM(D_VALEUR)";"0";"19010101";"1";"2015-07-01";"2999-12-31";"ORCOMPTA-2316";"0";"DEL"
"2";"NOVA_OPEPRINC_50_0085";"50";"275";"ACTE_GES";"=";"REGLEMRU";"2022-10-18";"6138";"6007";"0339";"0";"1";"$FPM(N_CTR_SR1)";"4";"$FPM(D_SURVENAN)";"27";"$FPM(D_VALEUR)";"0";"19010101";"1";"2015-07-01";"2999-12-31";"ORCOMPTA-2316";"0";"DEL"
